目前分类,三级,二级,一级
Bags,Bags,Bags,Women
Purses,Bags,Bags,Women
Bags/purses,Bags,Bags,Women
Nails,Nails,Beauty ,Women
Belts,Belts,Belts,Women
Jeans,Jeans,Bottoms,Women
Leggings,Leggings,Bottoms,Women
Pants,Pants,Bottoms,Women
Mens Pants & Jeans,Pants,Bottoms,Women
shorts,Shorts,Bottoms,Women
Skorts,Shorts,Bottoms,Women
Mens Shorts,Shorts,Bottoms,Women
Skirts,Skirts,Bottoms,Women
Skirt,Skirts,Bottoms,Women
Dresses,Dresses,Dresses,Women
Dress,Dresses,Dresses,Women
Dress-tops,Dresses,Dresses,Women
Eye Masks,Eye Masks,Eye Masks,Women
Gloves,Gloves,Gloves,Women
Hair Accessories,Hair Accessories,Hair Accessories,Women
Hair Extensions,Hair Extensions,Hair Extensions,Women
Hats & Caps,Hats & Caps,Hats & Caps,Women
HOME DECOR,Home Decor,Home Decor,Women
Anklets,Anklets,Jewellery,Women
Body Harness,Body Chains,Jewellery,Women
Body Chains,Body Chains,Jewellery,Women
Bracelets & Bangles,Bracelets & Bangles,Jewellery,Women
Free Bracelets,Bracelets & Bangles,Jewellery,Women
Earrings,Earrings,Jewellery,Women
Necklaces,Necklaces,Jewellery,Women
Neck,Necklaces,Jewellery,Women
Rings,Rings,Jewellery,Women
Cardigans,Cardigans,Knitwear & Sweaters,Women
Jumpers & Pullovers,Jumpers & Pullovers,Knitwear & Sweaters,Women
Mens Jumpers & Cardigans,Jumpers & Pullovers,Knitwear & Sweaters,Women
Knit Vests,Knit Vests,Knitwear & Sweaters,Women
Jumpsuits,Jumpsuits,One-Pieces,Women
Overalls,Overalls,One-Pieces,Women
Rompers & Playsuits,Rompers & Playsuits,One-Pieces,Women
Jumpsuits/Playsuits,Rompers & Playsuits,One-Pieces,Women
Jumpsuits&Playsuits,Rompers & Playsuits,One-Pieces,Women
Blazers,Blazers,Outerwear,Women
Mens Coats & Jackets,Coats & Jackets,Outerwear,Women
Coats & Jackets,Coats & Jackets,Outerwear,Women
Coats/Jackets,Coats & Jackets,Outerwear,Women
Kimonos,Kimonos,Outerwear,Women
Waistcoats,Waistcoats,Outerwear,Women
Scarves & Snoods,Scarves & Snoods,Scarves & Snoods,Women
Shoes,Shoes,shoes,Women
Platforms,Shoes,SHOES,Women
Sleepwear,Sleepwear,Sleepwear,Women
Socks & Tights,Socks & Tights,Socks & Tights,Women
Socks/Tights,Socks & Tights,Socks & Tights,Women
Sunglasses,Sunglasses,Sunglasses,Women
Swimwear,Swimwear,Swimwear,Women
Blouse,Blouses & Shirts,Tops,Women
Blouses & Shirts,Blouses & Shirts,Tops,Women
Shirt/Blouse,Blouses & Shirts,Tops,Women
Shirts & Blouses,Blouses & Shirts,Tops,Women
Bodysuits,Bodysuits,Tops,Women
Camis & Tanks,Camis & Tanks,Tops,Women
Vests&amp,Camis & Tanks,Tops,Women
Crop Tops & Bralets,Crop Tops & Bralets,Tops,Women
Bralets,Crop Tops & Bralets,Tops,Women
Hoodies & Pullovers,Hoodies & Sweatshirts,Tops,Women
Hoodies & Sweatshirts,Hoodies & Sweatshirts,Tops,Women
Mens Hoodies & Sweatshirts,Hoodies & Sweatshirts,Tops,Women
Hoodies/Sweatshirts,Hoodies & Sweatshirts,Tops,Women
T-shirts,T-Shirts,Tops,Women
Mens T-Shirts & Tanks,T-Shirts,Tops,Women
T-shirt,T-Shirts,Tops,Women
Two-piece Suits,Two-piece suits,Two-piece suits,Women
Two-piece Suit,Two-piece suits,Two-piece suits,Women
Mens Shirts,Blouses & Shirts,Tops,Women
Sweatshirt,Hoodies & Sweatshirts,Tops,Women
Tools,Makeup Tools,Beauty,Women
Cardigans/Jumpers,Jumpers & Pullovers,Knitwear & Sweaters,Women
Denim Skirts,Skirts,Bottoms,Women
Text,Text,Text,Women
Three-piece suits,Two-piece suits,Two-piece suits,Women
Bra,Crop Tops & Bralets,Tops,Women
T-shirts & Vests,T-Shirts,Tops,Women
Flat Sandals,Shoes,shoes,Women
