一级,二级
Dresses,Dresses
Tops,T-Shirts
,Blouses & Shirts
,Camis & Tanks 
,Crop Tops & Bralets
,Hoodies & Sweatshirts
Knitwear & Sweaters,Jumpers & Pullovers
,Cardigans
,Knit Vests
Outerwear,Coats & Jackets
,Blazers
,Waistcoats
,Kimonos
One-Pieces,Rompers & Playsuits
,Jumpsuits
,Overalls
Swimwear,Swimwear
Two-piece suits,Two-piece suits
Bottoms,Skirts
,Pants
,Jeans
,Shorts
,Leggings
SHOES,Boots
,Sandals
,Platforms
,Flats
,Sneakers & Athletic Shoes
,Heels
,Wedges
Bags,Bags
Jewellery,Necklaces
,Rings
,Earrings
,Bracelets & Bangles
,Anklets
,Body Chains
Beauty ,Makeup Tools
,Nails
,Temporary Tattoos & Stickers
Gloves,Gloves
Hair Accessories,Hair Accessories
Hair Extensions,Hair Extensions
Belts,Belts
Hats & Caps,Hats & Caps
Scarves & Snoods,Scarves & Snoods
Socks & Tights,Socks & Tights
Sunglasses,Sunglasses
