订单号,买家邮箱,产品总金额,物流费用,订单金额,"产品信息
（双击单元格展开所有产品信息！）",订单备注,收货地址,收货人名称,收货国家,州/省,城市,地址,邮编,联系电话,手机,买家选择物流
6621231231t,zhanna3992@inbox.lv,6.95,0,6.95,"【1】 Women Casual White Shine Bright Like A Diamond Letter Print T-shirt Tee One Size In Stock 2015 Summer Latest New
(产品属性:Color:White、Size:Free、Ships From:China)
(商家编码:CTXF1976)
(产品数量:1 piece)
","
",Siguldas 15-15、Liepaja、Liepaja、Latvia,Zanna Solovjova,Latvia,Liepaja,Liepaja,Siguldas 15-15,LV 3416,371-34-29965766,,"China Post Registered Air Mail
"
6623213212t,lea.dorio@hotmail.fr,6.75,0,6.75,"【1】 Latest New Women Loose Gray Owl Pattern Crop Top with ALICE'S ADVENTURES IN WONDERLAND Letters Print One Size Free Shipping
(产品属性:Color:Gray、Size:Free、Ships From:China)
(商家编码:CTYP0027)
(产品数量:1 piece)
","
",525 Rue de la Multerie、LANDAS、Nord-pas-de-calais、France,Dorilleau,France,Nord-pas-de-calais,LANDAS,525 Rue de la Multerie,59310,33-59310-0627332754,,"China Post Registered Air Mail
"
6624564536t,promokasha_1@mail.ru,20.68,0,20.68,"【1】 Unisex Hipster EMOJI 3D Cartoon Pattern Print Hoodies Sweatshirt M-XL In Stock 2015 Spring New Fashion
(产品属性:Size:M、Ships From:China)
(商家编码:HOOD1031A228E)
(产品数量:1 piece)
【2】 2014 Latest New Women Casual Fast Food Print T-Shirt Crop Top One Size In White/Black Free Shipping
(产品属性:Color:White、Size:Free、Ships From:China)
(商家编码:CTYP0797)
(产品数量:1 piece)
","

",Voskresenskii bulvar 1a flat 10、Velikiy Novgorod、Novgorod Oblast、Russian Federation,Baranovskaya Maria Aleksandrovna,Russian Federation,Novgorod Oblast,Velikiy Novgorod,Voskresenskii bulvar 1a flat 10,173002,79657707724,,"China Post Registered Air Mail
China Post Registered Air Mail
"
6626575678t,enka99@inbox.ru,7.94,0,7.94,"【1】 2014 Latest New Women Casual Fast Food Print T-Shirt Crop Top One Size In White/Black Free Shipping
(产品属性:Color:White、Size:Free、Ships From:China)
(商家编码:CTYP0797)
(产品数量:1 piece)
","
","Timoshenko 20/1
55、Minsk、Minsk、Belarus",Selyun Alena,Belarus,Minsk,Minsk,"Timoshenko 20/1
55",220018,375-29-1305176,,"China Post Registered Air Mail
"
